cluster,final_path,prompt,score,label
0,outputs/gens/c0_v1.png,"chic, vintage blazer, handbag in white, black, mesh texture, clean, monochrome, fashion design sheet, clean studio background",0.7806597799062729,no
1,outputs/gens/c1_v1.png,"chic, bohemian dress, t-shirt in white, beige, pleated texture, subtle, layered, fashion design sheet, clean studio background",0.7803460761904717,no
2,outputs/gens/c2_v1.png,"smart casual, preppy t-shirt, shirt in white, pleated texture, structured, bold, fashion design sheet, clean studio background",0.794143909215927,no
3,outputs/gens/c3_v1.png,"smart casual, chic sneakers, boots in white, beige, wool texture, flowy, sleek, fashion design sheet, clean studio background",0.8084089621901512,yes
4,outputs/gens/c4_v1.png,"chic, bohemian handbag, blazer in white, pleated texture, layered, sleek, fashion design sheet, clean studio background",0.7500572204589844,no
5,outputs/gens/c5_v1.png,"chic, smart casual handbag, blazer in white, pleated texture, fitted, patterned, fashion design sheet, clean studio background",0.7721204854547977,no
6,outputs/gens/c6_v1.png,"chic, smart casual heels, sneakers in white, pleated texture, subtle, clean, fashion design sheet, clean studio background",0.7919125080108642,no
7,outputs/gens/c7_v1.png,"smart casual, business casual trousers, t-shirt in white, beige, pleated texture, tailored, oversized, fashion design sheet, clean studio background",0.7800799250602721,no
8,outputs/gens/c8_v1.png,"streetwear, smart casual t-shirt, shirt in white, cotton texture, flowy, bold, fashion design sheet, clean studio background",0.8308583155274392,yes
