cluster,version,path,score,label
0,v1,outputs/gens/c0_v1.png,0.7688498198986053,no
0,v2,outputs/gens/c0_v2.png,0.7806597799062729,no
1,v1,outputs/gens/c1_v1.png,0.7560665354132652,no
1,v2,outputs/gens/c1_v2.png,0.7803460761904717,no
2,v1,outputs/gens/c2_v1.png,0.7245945103466511,no
2,v2,outputs/gens/c2_v2.png,0.794143909215927,no
3,v1,outputs/gens/c3_v1.png,0.8084089621901512,yes
4,v1,outputs/gens/c4_v1.png,0.7247260123491287,no
4,v2,outputs/gens/c4_v2.png,0.7500572204589844,no
5,v1,outputs/gens/c5_v1.png,0.7649965465068818,no
5,v2,outputs/gens/c5_v2.png,0.7721204854547977,no
6,v1,outputs/gens/c6_v1.png,0.8019849896430968,no
6,v2,outputs/gens/c6_v2.png,0.7919125080108642,no
7,v1,outputs/gens/c7_v1.png,0.7407709345221519,no
7,v2,outputs/gens/c7_v2.png,0.7800799250602721,no
8,v1,outputs/gens/c8_v1.png,0.8308583155274392,yes
