{
  "0": "chic, vintage blazer, handbag in white, black, mesh texture, clean, monochrome, fashion design sheet, clean studio background",
  "1": "chic, bohemian dress, t-shirt in white, beige, pleated texture, subtle, layered, fashion design sheet, clean studio background",
  "2": "smart casual, preppy t-shirt, shirt in white, pleated texture, structured, bold, fashion design sheet, clean studio background",
  "3": "smart casual, chic sneakers, boots in white, beige, wool texture, flowy, sleek, fashion design sheet, clean studio background",
  "4": "chic, bohemian handbag, blazer in white, pleated texture, layered, sleek, fashion design sheet, clean studio background",
  "5": "chic, smart casual handbag, blazer in white, pleated texture, fitted, patterned, fashion design sheet, clean studio background",
  "6": "chic, smart casual heels, sneakers in white, pleated texture, subtle, clean, fashion design sheet, clean studio background",
  "7": "smart casual, business casual trousers, t-shirt in white, beige, pleated texture, tailored, oversized, fashion design sheet, clean studio background",
  "8": "streetwear, smart casual t-shirt, shirt in white, cotton texture, flowy, bold, fashion design sheet, clean studio background"
}